0,Cindy,2020-04-30,2020-05-30
1,Mason,2020-01-21,2020-07-29
2,Hunter,2020-04-03,2021-04-18
3,Angela,2020-05-08,2020-11-12
4,Heather,2019-07-19,2020-12-06
5,Jackie,2020-02-18,2021-04-09
6,Jeffrey,2019-08-01,2020-07-12
7,Kelly,2019-08-18,2019-12-24
8,Charles,2020-01-11,2020-06-24
9,Stephanie,2020-01-23,2020-04-29
10,Jamie,2020-03-09,2020-05-15
11,Paul,2020-04-24,2020-05-18
12,Susan,2019-09-30,2020-09-25
13,Anna,2019-06-18,2021-03-30
14,Cynthia,2019-08-27,2020-09-15
15,Don,2019-07-21,2020-09-21
16,Amy,2020-02-14,2021-03-21
17,Lisa,2019-11-05,2020-08-31
18,Sean,2019-11-06,2020-03-17
19,Randy,2019-12-23,2020-03-24
20,David,2019-05-06,2020-07-16
21,Roy,2019-06-22,2021-02-08
22,Kristen,2020-03-22,2020-11-16
23,Lori,2019-09-14,2021-02-12
24,Kathy,2019-10-26,2020-12-19
25,Jordan,2020-04-25,2021-03-31
26,Lisa,2019-09-09,2019-09-30
27,Nicole,2019-05-11,2020-07-18
28,Brandon,2019-07-02,2020-11-15
29,Patrick,2019-07-01,2021-03-02
